comparison	"feature"	"metadata"	"value"	"name"	"coef"	"null_hypothesis"	"stderr"	"pval_individual"	"qval_individual"	"pval_joint"	"qval_joint"	"error"	"model"	"N"	"N_not_zero"
UH_vs_WWTP	"s__Rotavirus A"	"comparison_group"	"WWTP"	"comparison_groupWWTP"	7.10104009337974	1.50627330010426	1.15912295601272	2.46032747261982e-05	0.00204207180227445	4.92059441312691e-05	0.0020666496535133	NA	"abundance"	47	45
UH_vs_WWTP	"s__Mupapillomavirus 1"	"comparison_group"	"WWTP"	"comparison_groupWWTP"	3.39112275893051	0	0.801225076436881	2.31187950800692e-05	0.00204207180227445	4.62370556814525e-05	0.0020666496535133	NA	"prevalence"	47	23
UH_vs_WWTP	"s__HMO Astrovirus A"	"comparison_group"	"WWTP"	"comparison_groupWWTP"	3.12297604280363	0	0.774412645562468	5.51389956759158e-05	0.00210936895925058	0.000110274951042988	0.00213471522615291	NA	"prevalence"	47	26
UH_vs_WWTP	"s__Human mastadenovirus A"	"comparison_group"	"WWTP"	"comparison_groupWWTP"	4.16580322462509	0	1.04163804165769	6.35352096159814e-05	0.00210936895925058	0.000127066382509102	0.00213471522615291	NA	"prevalence"	47	28
UH_vs_WWTP	"s__Sapovirus Sapozj-9"	"comparison_group"	"WWTP"	"comparison_groupWWTP"	3.12942169775878	0	0.77447325733873	5.32896627789279e-05	0.00210936895925058	0.000106576485769697	0.00213471522615291	NA	"prevalence"	47	22
UH_vs_WWTP	"s__Enterovirus A"	"comparison_group"	"WWTP"	"comparison_groupWWTP"	3.72664203813686	0	1.01937277778787	0.000256362519960083	0.00635700939139553	0.000512659318178526	0.00643273754917325	NA	"prevalence"	47	30
UH_vs_WWTP	"s__Human mastadenovirus D"	"comparison_group"	"WWTP"	"comparison_groupWWTP"	2.58259240065304	0	0.708656194962599	0.000268066661082944	0.00635700939139553	0.000536061462431104	0.00643273754917325	NA	"prevalence"	47	22
UH_vs_WWTP	"s__Torque teno virus"	"comparison_group"	"WWTP"	"comparison_groupWWTP"	-1.03484506924634	1.50627330010426	0.638339146897196	0.000530840444218139	0.0110149392175264	0.00106139909685906	0.0111446905170201	NA	"abundance"	47	46
UH_vs_WWTP	"s__Mupapillomavirus 2"	"comparison_group"	"WWTP"	"comparison_groupWWTP"	2.50843754023032	0	0.735013042514749	0.0006430391766753	0.0118605003697889	0.00128566485396786	0.0119995386370334	NA	"prevalence"	47	19
UH_vs_WWTP	"s__Human mastadenovirus F"	"comparison_group"	"WWTP"	"comparison_groupWWTP"	6.03214179867623	1.50627330010426	1.22191560077568	0.000918211999281215	0.0138566538073347	0.00183558088528681	0.0140171631240083	NA	"abundance"	47	36
UH_vs_WWTP	"s__Alphapapillomavirus 4"	"comparison_group"	"WWTP"	"comparison_groupWWTP"	2.72162477093858	0	0.816517735707291	0.000858502348385647	0.0138566538073347	0.00171626767048911	0.0140171631240083	NA	"prevalence"	47	31
UH_vs_WWTP	"s__Bocaparvovirus primate2"	"comparison_group"	"WWTP"	"comparison_groupWWTP"	4.89269375135345	1.50627330010426	0.920732105469919	0.00123297405185618	0.0167456903869761	0.00246442787869982	0.0169346235537579	NA	"abundance"	47	34
UH_vs_WWTP	"s__Simplexvirus humanalpha2"	"comparison_group"	"WWTP"	"comparison_groupWWTP"	-1.19377956942055	1.50627330010426	0.744481489876189	0.00132090258892148	0.0167456903869761	0.00264006039419354	0.0169346235537579	NA	"abundance"	47	40
UH_vs_WWTP	"s__Betapapillomavirus 3"	"comparison_group"	"WWTP"	"comparison_groupWWTP"	2.08679803405354	0	0.657850390840162	0.00151316479400386	0.0167456903869761	0.00302403992031392	0.0169346235537579	NA	"prevalence"	47	24
UH_vs_WWTP	"s__Bocaparvovirus primate1"	"comparison_group"	"WWTP"	"comparison_groupWWTP"	2.08679803405354	0	0.657850390840163	0.00151316479400386	0.0167456903869761	0.00302403992031392	0.0169346235537579	NA	"prevalence"	47	24
UH_vs_WWTP	"s__Bocaparvovirus primate1"	"comparison_group"	"WWTP"	"comparison_groupWWTP"	4.74842127223417	1.50627330010426	0.8854922195623	0.00185101973081381	0.0192043297071933	0.00302403992031392	0.0169346235537579	NA	"abundance"	47	24
UH_vs_WWTP	"s__Bocaparvovirus primate2"	"comparison_group"	"WWTP"	"comparison_groupWWTP"	3.00434046191939	0	1.00505173712646	0.00279672715694972	0.0265259151455554	0.00246442787869982	0.0169346235537579	NA	"prevalence"	47	34
UH_vs_WWTP	"s__Enterovirus B"	"comparison_group"	"WWTP"	"comparison_groupWWTP"	2.16020868902159	0	0.72474236975475	0.0028763040519277	0.0265259151455554	0.00574433497885626	0.0301577586389954	NA	"prevalence"	47	17
UH_vs_WWTP	"s__Gammapapillomavirus 7"	"comparison_group"	"WWTP"	"comparison_groupWWTP"	1.92422163509983	0	0.654317930282385	0.00327360230280199	0.0274650081981181	0.00653648813356707	0.0308332478433644	NA	"prevalence"	47	21
UH_vs_WWTP	"s__Rhinovirus B"	"comparison_group"	"WWTP"	"comparison_groupWWTP"	2.13315425434762	0	0.726187941932086	0.00330903713230338	0.0274650081981181	0.0066071245378638	0.0308332478433644	NA	"prevalence"	47	31
UH_vs_WWTP	"s__Human circovirus VS6600022"	"comparison_group"	"WWTP"	"comparison_groupWWTP"	3.41117825995429	1.50627330010426	0.614258439499873	0.00595753454911407	0.0449523061433153	0.0118795768803243	0.0498942228973619	NA	"abundance"	47	45
UH_vs_WWTP	"s__Hepatitis E virus"	"comparison_group"	"WWTP"	"comparison_groupWWTP"	1.99443317761634	0	0.722412741515965	0.00576609321657768	0.0449523061433153	0.0114989386021731	0.0498942228973619	NA	"prevalence"	47	16
UH_vs_WWTP	"s__Alphapapillomavirus 9"	"comparison_group"	"WWTP"	"comparison_groupWWTP"	-1.74638899506762	0	0.647361207955843	0.00698194670137314	0.0499320398788715	0.0139151458230055	0.0549286116044551	NA	"prevalence"	47	27
UH_vs_WWTP	"s__Salivirus FHB"	"comparison_group"	"WWTP"	"comparison_groupWWTP"	1.81708506044958	0	0.676359984530881	0.00721909010296938	0.0499320398788715	0.014386064944024	0.0549286116044551	NA	"prevalence"	47	30
UH_vs_WWTP	"s__Sapporo virus"	"comparison_group"	"WWTP"	"comparison_groupWWTP"	4.45115801953984	1.50627330010426	1.08911654405242	0.0117701968695321	0.0781541072136929	0.0234018562047166	0.0854676487476606	NA	"abundance"	47	40
UH_vs_WWTP	"s__Rhinovirus A"	"comparison_group"	"WWTP"	"comparison_groupWWTP"	2.48680881864196	0	1.00891124323407	0.0137072917774989	0.0842744605579564	0.0272266937071243	0.0912164211656827	NA	"prevalence"	47	37
UH_vs_WWTP	"s__Rhinovirus C"	"comparison_group"	"WWTP"	"comparison_groupWWTP"	2.48680881864196	0	1.00891124323407	0.0137072917774989	0.0842744605579564	0.0272266937071244	0.0912164211656827	NA	"prevalence"	47	37
UH_vs_WWTP	"s__Enterovirus C"	"comparison_group"	"WWTP"	"comparison_groupWWTP"	4.98621211194027	0	2.03376874666496	0.0142179014459282	0.0842918442865746	0.0282336541703304	0.0912164211656827	NA	"prevalence"	47	33
UH_vs_WWTP	"s__Gammapapillomavirus 1"	"comparison_group"	"WWTP"	"comparison_groupWWTP"	3.42611947105303	1.50627330010426	0.710246387544496	0.0149940744453914	0.0858281502736195	0.0297633266223088	0.092597016158294	NA	"abundance"	47	35
UH_vs_WWTP	"s__Alphapapillomavirus 11"	"comparison_group"	"WWTP"	"comparison_groupWWTP"	-1.48104797530583	0	0.618603134253195	0.0166575186283546	0.0891983255582862	0.0330375643298553	0.0956950139209603	NA	"prevalence"	47	22
UH_vs_WWTP	"s__Human mastadenovirus B"	"comparison_group"	"WWTP"	"comparison_groupWWTP"	1.48506044861174	0	0.618258107825719	0.0163053859004714	0.0891983255582862	0.0323449061915794	0.0956950139209603	NA	"prevalence"	47	23
UH_vs_WWTP	"s__TTV-like mini virus"	"comparison_group"	"WWTP"	"comparison_groupWWTP"	-0.228882450962073	1.50627330010426	0.672637560919676	0.0190719327514017	0.0989356511478965	0.0377801268839295	0.105784355275003	NA	"abundance"	47	43
UH_vs_WWTP	"s__Gammapapillomavirus 1"	"comparison_group"	"WWTP"	"comparison_groupWWTP"	4.63907331436615	0	2.03185688779698	0.0224203963989403	0.109464288300709	0.0297633266223088	0.092597016158294	NA	"prevalence"	47	35
UH_vs_WWTP	"s__Mamastrovirus 6"	"comparison_group"	"WWTP"	"comparison_groupWWTP"	4.63907331436615	0	2.03185688779697	0.0224203963989401	0.109464288300709	0.0443381186231946	0.116387561385886	NA	"prevalence"	47	35
UH_vs_WWTP	"s__Alphatorquevirus homin13"	"comparison_group"	"WWTP"	"comparison_groupWWTP"	-2.46625904722409	1.50627330010426	1.52274791830075	0.027371359834055	0.121686656782447	0.0539935283289447	0.131169773714802	NA	"abundance"	47	12
UH_vs_WWTP	"s__Deltapolyomavirus septihominis"	"comparison_group"	"WWTP"	"comparison_groupWWTP"	-0.450479687808385	1.50627330010426	0.798135947108494	0.0277109855506787	0.121686656782447	0.0546540723811676	0.131169773714802	NA	"abundance"	47	24
UH_vs_WWTP	"s__Cosavirus A"	"comparison_group"	"WWTP"	"comparison_groupWWTP"	1.41021727248584	0	0.640131197745311	0.0275938409588335	0.121686656782447	0.0544262618588057	0.131169773714802	NA	"prevalence"	47	18
UH_vs_WWTP	"s__Human mastadenovirus F"	"comparison_group"	"WWTP"	"comparison_groupWWTP"	4.46868046866286	0	2.03185688779698	0.0278559816730903	0.121686656782447	0.00183558088528681	0.0140171631240083	NA	"prevalence"	47	36
UH_vs_WWTP	"s__Deltapolyomavirus septihominis"	"comparison_group"	"WWTP"	"comparison_groupWWTP"	1.29222484801793	0	0.607897394226777	0.0335258680635517	0.142699848680759	0.0546540723811676	0.131169773714802	NA	"prevalence"	47	24
UH_vs_WWTP	"s__Kobuvirus aichi"	"comparison_group"	"WWTP"	"comparison_groupWWTP"	3.73922142512788	1.50627330010426	1.0023155420518	0.0353527350711988	0.143135463946805	0.0694556542653833	0.15768310698087	NA	"abundance"	47	44
UH_vs_WWTP	"s__Mamastrovirus 1"	"comparison_group"	"WWTP"	"comparison_groupWWTP"	4.29703949441382	0	2.03247558399752	0.0344990451757762	0.143135463946805	0.0678079062335122	0.15768310698087	NA	"prevalence"	47	37
UH_vs_WWTP	"s__Alphapolyomavirus quintihominis"	"comparison_group"	"WWTP"	"comparison_groupWWTP"	2.80712369810455	1.50627330010426	0.57195552217954	0.0400988451340778	0.156436149338757	0.0785897728870688	0.173724761118784	NA	"abundance"	47	46
UH_vs_WWTP	"s__Betapolyomavirus secuhominis"	"comparison_group"	"WWTP"	"comparison_groupWWTP"	0.277829809418226	1.50627330010426	0.53470624988276	0.0405226169973889	0.156436149338757	0.0405226169973889	0.109803220250989	NA	"abundance"	47	47
UH_vs_WWTP	"s__Betacoronavirus 1"	"comparison_group"	"WWTP"	"comparison_groupWWTP"	1.34800995170053	0	0.67214783290106	0.0449068445222439	0.162055134580271	0.0877970643595427	0.17987691234638	NA	"prevalence"	47	15
UH_vs_WWTP	"s__Erythroparvovirus primate1"	"comparison_group"	"WWTP"	"comparison_groupWWTP"	1.34800995170053	0	0.67214783290106	0.0449068445222434	0.162055134580271	0.0877970643595418	0.17987691234638	NA	"prevalence"	47	15
UH_vs_WWTP	"s__Human coronavirus NL63"	"comparison_group"	"WWTP"	"comparison_groupWWTP"	1.34800995170053	0	0.67214783290106	0.0449068445222438	0.162055134580271	0.0877970643595427	0.17987691234638	NA	"prevalence"	47	15
UH_vs_WWTP	"s__Lymphocryptovirus humangamma4"	"comparison_group"	"WWTP"	"comparison_groupWWTP"	0.281588879767446	1.50627330010426	0.576635427532792	0.0529901713338791	0.187156775349445	0.103172384409764	0.205904850591215	NA	"abundance"	47	46
UH_vs_WWTP	"s__Cytomegalovirus humanbeta5"	"comparison_group"	"WWTP"	"comparison_groupWWTP"	-1.24525088669197	1.50627330010426	1.29853483839533	0.0541689757239572	0.187334374378685	0.105403673516932	0.205904850591215	NA	"abundance"	47	17
UH_vs_WWTP	"s__Alphapapillomavirus 1"	"comparison_group"	"WWTP"	"comparison_groupWWTP"	-1.10989766996892	0	0.600852933840056	0.064717645670332	0.219247534311737	0.125246917679553	0.239107751933693	NA	"prevalence"	47	22
UH_vs_WWTP	"s__Sapporo virus"	"comparison_group"	"WWTP"	"comparison_groupWWTP"	3.74637889244538	0	2.0389787341417	0.066153806674109	0.219630638158042	0.0234018562047166	0.0854676487476606	NA	"prevalence"	47	40
UH_vs_WWTP	"s__Mamastrovirus 1"	"comparison_group"	"WWTP"	"comparison_groupWWTP"	4.27063337645265	1.50627330010426	1.50436368162062	0.0775014479324413	0.252259614838927	0.0678079062335122	0.15768310698087	NA	"abundance"	47	37
UH_vs_WWTP	"s__Betapapillomavirus 4"	"comparison_group"	"WWTP"	"comparison_groupWWTP"	1.18223447017102	0	0.674693266555403	0.0797300158601672	0.254522742938226	0.153103156291272	0.285792558410374	NA	"prevalence"	47	14
UH_vs_WWTP	"s__Severe acute respiratory syndrome-related coronavirus"	"comparison_group"	"WWTP"	"comparison_groupWWTP"	3.53810318960692	0	2.04351866718571	0.0833843742229675	0.261166153226653	0.159815794581379	0.291837537931214	NA	"prevalence"	47	41
UH_vs_WWTP	"s__Alphainfluenzavirus influenzae"	"comparison_group"	"WWTP"	"comparison_groupWWTP"	1.08310109862754	0	0.640131197745311	0.0906462381097154	0.278653250485421	0.173075735735988	0.309326846847297	NA	"prevalence"	47	16
UH_vs_WWTP	"s__Norwalk virus"	"comparison_group"	"WWTP"	"comparison_groupWWTP"	3.28778173356383	1.50627330010426	1.02854662506658	0.096798911087558	0.292156713464266	0.184227792987379	0.322398637727913	NA	"abundance"	47	46
UH_vs_WWTP	"s__Molluscum contagiosum virus"	"comparison_group"	"WWTP"	"comparison_groupWWTP"	3.47813862352697	1.50627330010426	1.07142689717088	0.101619353122073	0.295944081022177	0.192912213315197	0.32409251836953	NA	"abundance"	47	12
UH_vs_WWTP	"s__Alphapapillomavirus 5"	"comparison_group"	"WWTP"	"comparison_groupWWTP"	1.01577370190593	0	0.617510611738987	0.099980249121309	0.295944081022177	0.189964448028259	0.32409251836953	NA	"prevalence"	47	18
UH_vs_WWTP	"s__Torque teno midi virus"	"comparison_group"	"WWTP"	"comparison_groupWWTP"	-0.266571257860552	1.50627330010426	1.03950499306996	0.109933057473948	0.314635992080609	0.207780837822325	0.342227262295594	NA	"abundance"	47	21
UH_vs_WWTP	"s__Gammapapillomavirus 12"	"comparison_group"	"WWTP"	"comparison_groupWWTP"	1.15331264114404	0	0.73501304251475	0.116623474592225	0.328127064106938	0.219645914358486	0.354812630886785	NA	"prevalence"	47	11
UH_vs_WWTP	"s__Orthopicobirnavirus hominis"	"comparison_group"	"WWTP"	"comparison_groupWWTP"	0.542933975405437	1.50627330010426	0.578155255393361	0.126528251850847	0.350061496787345	0.237047105185264	0.375697298784191	NA	"abundance"	47	46
UH_vs_WWTP	"s__Alphapapillomavirus 1"	"comparison_group"	"WWTP"	"comparison_groupWWTP"	-0.180205641986401	1.50627330010426	1.07823531927548	0.139769607036611	0.351541738910263	0.125246917679553	0.239107751933693	NA	"abundance"	47	22
UH_vs_WWTP	"s__Alphapapillomavirus 3"	"comparison_group"	"WWTP"	"comparison_groupWWTP"	0.25695673018851	1.50627330010426	0.794805972866999	0.139062890817738	0.351541738910263	0.25878729403289	0.389071710935074	NA	"abundance"	47	34
UH_vs_WWTP	"s__Alphapapillomavirus 7"	"comparison_group"	"WWTP"	"comparison_groupWWTP"	-0.0211806250455474	1.50627330010426	0.971740430534759	0.139407843763018	0.351541738910263	0.259381140623383	0.389071710935074	NA	"abundance"	47	26
UH_vs_WWTP	"s__Alphapapillomavirus 9"	"comparison_group"	"WWTP"	"comparison_groupWWTP"	-0.137713554119259	1.50627330010426	1.03921297407406	0.132838051644961	0.351541738910263	0.0139151458230055	0.0549286116044551	NA	"abundance"	47	27
UH_vs_WWTP	"s__Enterovirus A"	"comparison_group"	"WWTP"	"comparison_groupWWTP"	3.58624897863235	1.50627330010426	1.3324192290374	0.133584503722107	0.351541738910263	0.000512659318178526	0.00643273754917325	NA	"abundance"	47	30
UH_vs_WWTP	"s__Gammapapillomavirus 4"	"comparison_group"	"WWTP"	"comparison_groupWWTP"	1.0118382589945	0	0.679078974612883	0.136220136803126	0.351541738910263	0.25388434793559	0.389071710935074	NA	"prevalence"	47	13
UH_vs_WWTP	"s__Gammapapillomavirus 21"	"comparison_group"	"WWTP"	"comparison_groupWWTP"	-0.831005784985063	1.50627330010426	1.37251941991495	0.152490814225133	0.377813062110032	0.281728180027222	0.415178370566433	NA	"abundance"	47	7
UH_vs_WWTP	"s__Human mastadenovirus A"	"comparison_group"	"WWTP"	"comparison_groupWWTP"	3.58351125231437	1.50627330010426	1.4519430053642	0.167287611703999	0.40508088801341	0.000127066382509102	0.00213471522615291	NA	"abundance"	47	28
UH_vs_WWTP	"s__Alphatorquevirus homin13"	"comparison_group"	"WWTP"	"comparison_groupWWTP"	-0.945585269768542	0	0.686481385291838	0.168376995620032	0.40508088801341	0.0539935283289447	0.131169773714802	NA	"prevalence"	47	12
UH_vs_WWTP	"s__Alphapapillomavirus 10"	"comparison_group"	"WWTP"	"comparison_groupWWTP"	0.415345547544856	1.50627330010426	0.770045289864435	0.180044237813915	0.419931583011509	0.327672548057836	0.461518176924506	NA	"abundance"	47	33
UH_vs_WWTP	"s__Gammapapillomavirus 10"	"comparison_group"	"WWTP"	"comparison_groupWWTP"	-0.730138741311587	1.50627330010426	1.5193042809277	0.193459323789587	0.419931583011509	0.34949213761805	0.461518176924506	NA	"abundance"	47	8
UH_vs_WWTP	"s__Alphapapillomavirus 6"	"comparison_group"	"WWTP"	"comparison_groupWWTP"	0.866211386645825	0	0.648528258266575	0.181661370447654	0.419931583011509	0.330321887382389	0.461518176924506	NA	"prevalence"	47	33
UH_vs_WWTP	"s__Betapapillomavirus 2"	"comparison_group"	"WWTP"	"comparison_groupWWTP"	2.72300180082576	0	2.0773626966704	0.189926192060618	0.419931583011509	0.34378042569059	0.461518176924506	NA	"prevalence"	47	44
UH_vs_WWTP	"s__Human papillomavirus"	"comparison_group"	"WWTP"	"comparison_groupWWTP"	1.40757597056231	0	1.06164086470304	0.184889565311645	0.419931583011509	0.335594979262161	0.461518176924506	NA	"prevalence"	47	42
UH_vs_WWTP	"s__Kobuvirus aichi"	"comparison_group"	"WWTP"	"comparison_groupWWTP"	2.72300180082576	0	2.0773626966704	0.189926192060619	0.419931583011509	0.0694556542653833	0.15768310698087	NA	"prevalence"	47	44
UH_vs_WWTP	"s__Orthopneumovirus hominis"	"comparison_group"	"WWTP"	"comparison_groupWWTP"	0.96448951385614	0	0.743891637583702	0.194787541517387	0.419931583011509	0.351632896704386	0.461518176924506	NA	"prevalence"	47	10
UH_vs_WWTP	"s__Respirovirus pneumoniae"	"comparison_group"	"WWTP"	"comparison_groupWWTP"	0.77822048540394	0	0.592600403598856	0.189105538966392	0.419931583011509	0.342450173065014	0.461518176924506	NA	"prevalence"	47	21
UH_vs_WWTP	"s__Human papillomavirus"	"comparison_group"	"WWTP"	"comparison_groupWWTP"	2.26197084117057	1.50627330010426	0.563089258711409	0.213100790836488	0.453522195882782	0.335594979262161	0.461518176924506	NA	"abundance"	47	42
UH_vs_WWTP	"s__Mupapillomavirus 1"	"comparison_group"	"WWTP"	"comparison_groupWWTP"	3.21204586103405	1.50627330010426	1.32740063700413	0.216716764710555	0.455379530910787	4.62370556814525e-05	0.0020666496535133	NA	"abundance"	47	23
UH_vs_WWTP	"s__Alphapapillomavirus 6"	"comparison_group"	"WWTP"	"comparison_groupWWTP"	0.653705024277782	1.50627330010426	0.726922062223874	0.267833109485541	0.535730748787264	0.330321887382389	0.461518176924506	NA	"abundance"	47	33
UH_vs_WWTP	"s__Gyrovirus homsa3"	"comparison_group"	"WWTP"	"comparison_groupWWTP"	0.262890969770395	1.50627330010426	1.0768321886786	0.274319961728418	0.535730748787264	0.473388482054156	0.611763576808447	NA	"abundance"	47	15
UH_vs_WWTP	"s__Severe acute respiratory syndrome-related coronavirus"	"comparison_group"	"WWTP"	"comparison_groupWWTP"	2.58712514898731	1.50627330010426	0.938145033759389	0.26306979475514	0.535730748787264	0.159815794581379	0.291837537931214	NA	"abundance"	47	41
UH_vs_WWTP	"s__Human circovirus VS6600022"	"comparison_group"	"WWTP"	"comparison_groupWWTP"	2.30633369157475	0	2.10959986666492	0.274281211884177	0.535730748787264	0.0118795768803243	0.0498942228973619	NA	"prevalence"	47	45
UH_vs_WWTP	"s__Rotavirus A"	"comparison_group"	"WWTP"	"comparison_groupWWTP"	2.30633369157475	0	2.10959986666492	0.274281211884176	0.535730748787264	4.92059441312691e-05	0.0020666496535133	NA	"prevalence"	47	45
UH_vs_WWTP	"s__Simplexvirus humanalpha2"	"comparison_group"	"WWTP"	"comparison_groupWWTP"	-0.948996533713937	0	0.85710724480024	0.26820373950871	0.535730748787264	0.00264006039419354	0.0169346235537579	NA	"prevalence"	47	40
UH_vs_WWTP	"s__Alphapapillomavirus 4"	"comparison_group"	"WWTP"	"comparison_groupWWTP"	0.596106333577479	1.50627330010426	0.81441185518866	0.286696218024053	0.550362184471592	0.00171626767048911	0.0140171631240083	NA	"abundance"	47	31
UH_vs_WWTP	"s__Torque teno virus 16"	"comparison_group"	"WWTP"	"comparison_groupWWTP"	-1.12535907315576	1.50627330010426	2.25538283139294	0.288442831620654	0.550362184471592	0.493686396127966	0.628328140526503	NA	"abundance"	47	8
UH_vs_WWTP	"s__Anellovirus D_HF7_66"	"comparison_group"	"WWTP"	"comparison_groupWWTP"	0.0400502606922835	1.50627330010426	1.35707395806572	0.323372803432485	0.565051424945185	0.530976575102704	0.634307957473501	NA	"abundance"	47	9
UH_vs_WWTP	"s__Gammapapillomavirus 4"	"comparison_group"	"WWTP"	"comparison_groupWWTP"	0.166829650417479	1.50627330010426	1.27701268628519	0.320567168594792	0.565051424945185	0.25388434793559	0.389071710935074	NA	"abundance"	47	13
UH_vs_WWTP	"s__Anellovirus D_HF7_66"	"comparison_group"	"WWTP"	"comparison_groupWWTP"	0.759850758539574	0	0.756461566268505	0.315147150916858	0.565051424945185	0.530976575102704	0.634307957473501	NA	"prevalence"	47	9
UH_vs_WWTP	"s__Deltapolyomavirus sextihominis"	"comparison_group"	"WWTP"	"comparison_groupWWTP"	0.592366026691493	0	0.594349516937686	0.318928234155363	0.565051424945185	0.536141249769269	0.634307957473501	NA	"prevalence"	47	28
UH_vs_WWTP	"s__Gammapapillomavirus 8"	"comparison_group"	"WWTP"	"comparison_groupWWTP"	0.759850758539575	0	0.756461566268505	0.315147150916858	0.565051424945185	0.530976575102703	0.634307957473501	NA	"prevalence"	47	9
UH_vs_WWTP	"s__Protoparvovirus primate3"	"comparison_group"	"WWTP"	"comparison_groupWWTP"	0.759850758539576	0	0.756461566268506	0.315147150916857	0.565051424945185	0.530976575102702	0.634307957473501	NA	"prevalence"	47	9
UH_vs_WWTP	"s__Roseolovirus humanbeta7"	"comparison_group"	"WWTP"	"comparison_groupWWTP"	0.595893307354934	0	0.585371885677836	0.308690354958783	0.565051424945185	0.522090974672986	0.634307957473501	NA	"prevalence"	47	22
UH_vs_WWTP	"s__Torque teno midi virus"	"comparison_group"	"WWTP"	"comparison_groupWWTP"	-0.584926232362578	0	0.586682135368963	0.318761081900847	0.565051424945185	0.207780837822325	0.342227262295594	NA	"prevalence"	47	21
UH_vs_WWTP	"s__TTV-like mini virus"	"comparison_group"	"WWTP"	"comparison_groupWWTP"	-1.00690690442085	0	1.09660763529117	0.358513322048553	0.619929286042289	0.0377801268839295	0.105784355275003	NA	"prevalence"	47	43
UH_vs_WWTP	"s__Gammapapillomavirus 12"	"comparison_group"	"WWTP"	"comparison_groupWWTP"	2.99842262307585	1.50627330010426	1.56256839024745	0.364745192217629	0.62287288866462	0.219645914358486	0.354812630886785	NA	"abundance"	47	11
UH_vs_WWTP	"s__Orthopneumovirus hominis"	"comparison_group"	"WWTP"	"comparison_groupWWTP"	3.08216342174093	1.50627330010426	1.64685142184406	0.367720139091162	0.62287288866462	0.351632896704386	0.461518176924506	NA	"abundance"	47	10
UH_vs_WWTP	"s__Alphapapillomavirus 11"	"comparison_group"	"WWTP"	"comparison_groupWWTP"	0.553708592840364	1.50627330010426	1.04633988227357	0.378942364700675	0.635398308488001	0.0330375643298553	0.0956950139209603	NA	"abundance"	47	22
UH_vs_WWTP	"s__Betacoronavirus 1"	"comparison_group"	"WWTP"	"comparison_groupWWTP"	0.338694823959584	1.50627330010426	1.29844043737548	0.386211108379602	0.635402735503657	0.0877970643595427	0.17987691234638	NA	"abundance"	47	15
UH_vs_WWTP	"s__HMO Astrovirus A"	"comparison_group"	"WWTP"	"comparison_groupWWTP"	0.00870164872157957	1.50627330010426	1.68182878034143	0.38660045955343	0.635402735503657	0.000110274951042988	0.00213471522615291	NA	"abundance"	47	26
UH_vs_WWTP	"s__Alphainfluenzavirus influenzae"	"comparison_group"	"WWTP"	"comparison_groupWWTP"	2.88353133649465	1.50627330010426	1.68998460371065	0.429426184986846	0.63828282767321	0.173075735735988	0.309326846847297	NA	"abundance"	47	16
UH_vs_WWTP	"s__Human fecal virus Jorvi2"	"comparison_group"	"WWTP"	"comparison_groupWWTP"	1.06403007686656	1.50627330010426	0.527594098233924	0.435546261358037	0.63828282767321	0.681391976933111	0.75612664492392	NA	"abundance"	47	46
UH_vs_WWTP	"s__Human mastadenovirus D"	"comparison_group"	"WWTP"	"comparison_groupWWTP"	2.30428931817148	1.50627330010426	0.987548928128407	0.434751733728986	0.63828282767321	0.000536061462431104	0.00643273754917325	NA	"abundance"	47	22
UH_vs_WWTP	"s__Human respiratory circular DNA virus"	"comparison_group"	"WWTP"	"comparison_groupWWTP"	2.10934360133564	1.50627330010426	0.746370479817661	0.435882385719052	0.63828282767321	0.681771317257972	0.75612664492392	NA	"abundance"	47	31
UH_vs_WWTP	"s__Protoparvovirus primate3"	"comparison_group"	"WWTP"	"comparison_groupWWTP"	2.65904530797219	1.50627330010426	1.3354733482502	0.418283079239088	0.63828282767321	0.530976575102702	0.634307957473501	NA	"abundance"	47	9
UH_vs_WWTP	"s__Alphapapillomavirus 2"	"comparison_group"	"WWTP"	"comparison_groupWWTP"	-0.544473966337394	0	0.708868576393706	0.442434470498918	0.63828282767321	0.689120680312178	0.75612664492392	NA	"prevalence"	47	10
UH_vs_WWTP	"s__Alphapapillomavirus 8"	"comparison_group"	"WWTP"	"comparison_groupWWTP"	-0.544473966337394	0	0.708868576393706	0.442434470498918	0.63828282767321	0.689120680312178	0.75612664492392	NA	"prevalence"	47	10
UH_vs_WWTP	"s__Alphapolyomavirus quintihominis"	"comparison_group"	"WWTP"	"comparison_groupWWTP"	1.67065312688362	0	2.19230853937204	0.446028963916217	0.63828282767321	0.0785897728870688	0.173724761118784	NA	"prevalence"	47	46
UH_vs_WWTP	"s__Betapapillomavirus 1"	"comparison_group"	"WWTP"	"comparison_groupWWTP"	1.67065312688362	0	2.19230853937204	0.446028963916217	0.63828282767321	0.69311609118026	0.75612664492392	NA	"prevalence"	47	46
UH_vs_WWTP	"s__Cytomegalovirus humanbeta5"	"comparison_group"	"WWTP"	"comparison_groupWWTP"	0.478164400734188	0	0.606011895710949	0.430091738853335	0.63828282767321	0.105403673516932	0.205904850591215	NA	"prevalence"	47	17
UH_vs_WWTP	"s__Gyrovirus homsa3"	"comparison_group"	"WWTP"	"comparison_groupWWTP"	0.516043892395002	0	0.62587681522083	0.40964784019212	0.63828282767321	0.473388482054156	0.611763576808447	NA	"prevalence"	47	15
UH_vs_WWTP	"s__Human fecal virus Jorvi2"	"comparison_group"	"WWTP"	"comparison_groupWWTP"	1.67065312688362	0	2.19230853937204	0.446028963916218	0.63828282767321	0.681391976933111	0.75612664492392	NA	"prevalence"	47	46
UH_vs_WWTP	"s__Lymphocryptovirus humangamma4"	"comparison_group"	"WWTP"	"comparison_groupWWTP"	1.67065312688362	0	2.19230853937204	0.446028963916218	0.63828282767321	0.103172384409764	0.205904850591215	NA	"prevalence"	47	46
UH_vs_WWTP	"s__Norwalk virus"	"comparison_group"	"WWTP"	"comparison_groupWWTP"	1.67065312688362	0	2.19230853937204	0.446028963916217	0.63828282767321	0.184227792987379	0.322398637727913	NA	"prevalence"	47	46
UH_vs_WWTP	"s__Orthopicobirnavirus hominis"	"comparison_group"	"WWTP"	"comparison_groupWWTP"	1.67065312688363	0	2.19230853937206	0.446028963916219	0.63828282767321	0.237047105185264	0.375697298784191	NA	"prevalence"	47	46
UH_vs_WWTP	"s__Betapapillomavirus 5"	"comparison_group"	"WWTP"	"comparison_groupWWTP"	2.62517508103249	1.50627330010426	1.4520694289377	0.466597304783379	0.656399598254584	0.715481564735644	0.770518608176848	NA	"abundance"	47	9
UH_vs_WWTP	"s__Torque teno virus"	"comparison_group"	"WWTP"	"comparison_groupWWTP"	-1.63473284724368	0	2.22924529644799	0.463368015358199	0.656399598254584	0.00106139909685906	0.0111446905170201	NA	"prevalence"	47	46
UH_vs_WWTP	"s__Betapapillomavirus 2"	"comparison_group"	"WWTP"	"comparison_groupWWTP"	2.00300343208582	1.50627330010426	0.662950077702513	0.472708128585497	0.659407977690693	0.34378042569059	0.461518176924506	NA	"abundance"	47	44
UH_vs_WWTP	"s__Human mastadenovirus B"	"comparison_group"	"WWTP"	"comparison_groupWWTP"	2.25748764509899	1.50627330010426	1.03453327282458	0.47851352514026	0.66194370977736	0.0323449061915794	0.0956950139209603	NA	"abundance"	47	23
UH_vs_WWTP	"s__Rhinovirus B"	"comparison_group"	"WWTP"	"comparison_groupWWTP"	2.13835039106988	1.50627330010426	0.885399851888305	0.485940610097277	0.663820291475083	0.0066071245378638	0.0308332478433644	NA	"abundance"	47	31
UH_vs_WWTP	"s__Gammapapillomavirus 10"	"comparison_group"	"WWTP"	"comparison_groupWWTP"	0.532328483615576	0	0.774473257338731	0.491866842478526	0.663820291475083	0.34949213761805	0.461518176924506	NA	"prevalence"	47	8
UH_vs_WWTP	"s__Torque teno virus 16"	"comparison_group"	"WWTP"	"comparison_groupWWTP"	0.532328483615577	0	0.774473257338732	0.491866842478525	0.663820291475083	0.493686396127966	0.628328140526503	NA	"prevalence"	47	8
UH_vs_WWTP	"s__Betapapillomavirus 4"	"comparison_group"	"WWTP"	"comparison_groupWWTP"	2.37050820609941	1.50627330010426	1.25437333433588	0.50469131150916	0.670230061684165	0.153103156291272	0.285792558410374	NA	"abundance"	47	14
UH_vs_WWTP	"s__Enterovirus C"	"comparison_group"	"WWTP"	"comparison_groupWWTP"	2.28050110701811	1.50627330010426	1.13820071437685	0.502659575698972	0.670230061684165	0.0282336541703304	0.0912164211656827	NA	"abundance"	47	33
UH_vs_WWTP	"s__Sapovirus Sapozj-9"	"comparison_group"	"WWTP"	"comparison_groupWWTP"	0.187850525147475	1.50627330010426	2.11432189683249	0.538718313738943	0.709740000640194	0.000106576485769697	0.00213471522615291	NA	"abundance"	47	22
UH_vs_WWTP	"s__Roseolovirus humanbeta7"	"comparison_group"	"WWTP"	"comparison_groupWWTP"	0.779933891967888	1.50627330010426	1.17821746158974	0.546164734497003	0.713884613594508	0.522090974672986	0.634307957473501	NA	"abundance"	47	22
UH_vs_WWTP	"s__Rhinovirus A"	"comparison_group"	"WWTP"	"comparison_groupWWTP"	1.95519842004344	1.50627330010426	0.760391892854394	0.566273858292464	0.724025780244447	0.0272266937071243	0.0912164211656827	NA	"abundance"	47	37
UH_vs_WWTP	"s__Rhinovirus C"	"comparison_group"	"WWTP"	"comparison_groupWWTP"	2.08643910676784	1.50627330010426	0.975896451382118	0.560086254638038	0.724025780244447	0.0272266937071244	0.0912164211656827	NA	"abundance"	47	37
UH_vs_WWTP	"s__Molluscum contagiosum virus"	"comparison_group"	"WWTP"	"comparison_groupWWTP"	0.38027360872565	0	0.664275958987825	0.56700814115529	0.724025780244447	0.192912213315197	0.32409251836953	NA	"prevalence"	47	12
UH_vs_WWTP	"s__Alphapapillomavirus 10"	"comparison_group"	"WWTP"	"comparison_groupWWTP"	-0.338211252362794	0	0.633069670853014	0.593175376191048	0.751657346929114	0.327672548057836	0.461518176924506	NA	"prevalence"	47	33
UH_vs_WWTP	"s__Betapolyomavirus hominis"	"comparison_group"	"WWTP"	"comparison_groupWWTP"	1.92170566661502	1.50627330010426	0.803429847707793	0.612819511102981	0.770666960932537	0.612819511102981	0.714956096286812	NA	"abundance"	47	47
UH_vs_WWTP	"s__Cosavirus D"	"comparison_group"	"WWTP"	"comparison_groupWWTP"	0.79443981010176	1.50627330010426	1.43709831206408	0.645816703444534	0.792763785954888	0.874554192441103	0.91563311892848	NA	"abundance"	47	6
UH_vs_WWTP	"s__Gammapapillomavirus 7"	"comparison_group"	"WWTP"	"comparison_groupWWTP"	1.0437223696294	1.50627330010426	1.00424199739509	0.651938075008564	0.792763785954888	0.00653648813356707	0.0308332478433644	NA	"abundance"	47	21
UH_vs_WWTP	"s__Hepatitis E virus"	"comparison_group"	"WWTP"	"comparison_groupWWTP"	0.939384916932642	1.50627330010426	1.22112533491685	0.649585910191603	0.792763785954888	0.0114989386021731	0.0498942228973619	NA	"abundance"	47	16
UH_vs_WWTP	"s__Mupapillomavirus 2"	"comparison_group"	"WWTP"	"comparison_groupWWTP"	0.949971485617214	1.50627330010426	1.23891388512883	0.65904459314322	0.792763785954888	0.00128566485396786	0.0119995386370334	NA	"abundance"	47	19
UH_vs_WWTP	"s__Parechovirus A"	"comparison_group"	"WWTP"	"comparison_groupWWTP"	0.256837394719501	0	0.579917075068863	0.657847893634434	0.792763785954888	0.882931936109606	0.91563311892848	NA	"prevalence"	47	22
UH_vs_WWTP	"s__Roseolovirus humanbeta6b"	"comparison_group"	"WWTP"	"comparison_groupWWTP"	-0.364748788741505	0	0.801115887872844	0.648892775278429	0.792763785954888	0.876723716748316	0.91563311892848	NA	"prevalence"	47	7
UH_vs_WWTP	"s__Betapapillomavirus 1"	"comparison_group"	"WWTP"	"comparison_groupWWTP"	1.77675188186803	1.50627330010426	0.589737196105386	0.663894396318756	0.792852300639665	0.69311609118026	0.75612664492392	NA	"abundance"	47	46
UH_vs_WWTP	"s__Deltapolyomavirus sextihominis"	"comparison_group"	"WWTP"	"comparison_groupWWTP"	1.09228217074025	1.50627330010426	0.970439463932965	0.676251716911591	0.796154503598043	0.536141249769269	0.634307957473501	NA	"abundance"	47	28
UH_vs_WWTP	"s__Alphapapillomavirus 7"	"comparison_group"	"WWTP"	"comparison_groupWWTP"	0.244137175482767	0	0.581600101560343	0.674654863372705	0.796154503598043	0.259381140623383	0.389071710935074	NA	"prevalence"	47	26
UH_vs_WWTP	"s__Gammapapillomavirus 8"	"comparison_group"	"WWTP"	"comparison_groupWWTP"	0.827563616455614	1.50627330010426	1.64575740387184	0.691758406005432	0.808675319696491	0.530976575102703	0.634307957473501	NA	"abundance"	47	9
UH_vs_WWTP	"s__Gammapapillomavirus 6"	"comparison_group"	"WWTP"	"comparison_groupWWTP"	0.385630147018588	1.50627330010426	2.75532324096091	0.704174892823136	0.817433791668815	0.912487505963797	0.934743298792182	NA	"abundance"	47	6
UH_vs_WWTP	"s__Gammapapillomavirus 21"	"comparison_group"	"WWTP"	"comparison_groupWWTP"	0.270627422443853	0	0.801225076436881	0.73553874986618	0.84791272554018	0.281728180027222	0.415178370566433	NA	"prevalence"	47	7
UH_vs_WWTP	"s__Human coronavirus NL63"	"comparison_group"	"WWTP"	"comparison_groupWWTP"	1.14361579773672	1.50627330010426	1.13075866072451	0.754362744003418	0.863615279341844	0.0877970643595427	0.17987691234638	NA	"abundance"	47	15
UH_vs_WWTP	"s__Enterovirus B"	"comparison_group"	"WWTP"	"comparison_groupWWTP"	0.947612772395001	1.50627330010426	1.88014014764136	0.769410181608548	0.865231192278765	0.00574433497885626	0.0301577586389954	NA	"abundance"	47	17
UH_vs_WWTP	"s__Salivirus FHB"	"comparison_group"	"WWTP"	"comparison_groupWWTP"	1.84664036183333	1.50627330010426	1.16211798737877	0.771410942513598	0.865231192278765	0.014386064944024	0.0549286116044551	NA	"abundance"	47	30
UH_vs_WWTP	"s__Betapapillomavirus 5"	"comparison_group"	"WWTP"	"comparison_groupWWTP"	0.213021461433826	0	0.72785185838214	0.769773291600836	0.865231192278765	0.715481564735644	0.770518608176848	NA	"prevalence"	47	9
UH_vs_WWTP	"s__Alphapapillomavirus 5"	"comparison_group"	"WWTP"	"comparison_groupWWTP"	1.82554805644241	1.50627330010426	1.15353106030329	0.78545811532319	0.875074141903688	0.189964448028259	0.32409251836953	NA	"abundance"	47	18
UH_vs_WWTP	"s__Alphapapillomavirus 3"	"comparison_group"	"WWTP"	"comparison_groupWWTP"	-0.149388125074892	0	0.643356669316574	0.816381824916044	0.903462552907088	0.25878729403289	0.389071710935074	NA	"prevalence"	47	34
UH_vs_WWTP	"s__Alphapapillomavirus 2"	"comparison_group"	"WWTP"	"comparison_groupWWTP"	1.16426453874666	1.50627330010426	1.61209436652364	0.836727072384566	0.912453238919889	0.689120680312178	0.75612664492392	NA	"abundance"	47	10
UH_vs_WWTP	"s__Alphapapillomavirus 8"	"comparison_group"	"WWTP"	"comparison_groupWWTP"	1.15520300621458	1.50627330010426	1.82832289804465	0.8519894700758	0.912453238919889	0.689120680312178	0.75612664492392	NA	"abundance"	47	10
UH_vs_WWTP	"s__Erythroparvovirus primate1"	"comparison_group"	"WWTP"	"comparison_groupWWTP"	1.67294081556628	1.50627330010426	0.862838660646312	0.850815049596937	0.912453238919889	0.0877970643595418	0.17987691234638	NA	"abundance"	47	15
UH_vs_WWTP	"s__Mamastrovirus 6"	"comparison_group"	"WWTP"	"comparison_groupWWTP"	1.86668590771323	1.50627330010426	1.80126888639603	0.842242536028026	0.912453238919889	0.0443381186231946	0.116387561385886	NA	"abundance"	47	35
UH_vs_WWTP	"s__Alphapapillomavirus 14"	"comparison_group"	"WWTP"	"comparison_groupWWTP"	0.114932588963855	0	0.600403049280006	0.848192067126574	0.912453238919889	0.976954351516697	0.98872488587232	NA	"prevalence"	47	17
UH_vs_WWTP	"s__Human respiratory circovirus-like 1"	"comparison_group"	"WWTP"	"comparison_groupWWTP"	1.29207941520769	1.50627330010426	1.62953619287869	0.901295781206595	0.959071151796762	0.990257477192384	0.990257477192384	NA	"abundance"	47	6
UH_vs_WWTP	"s__Human respiratory circular DNA virus"	"comparison_group"	"WWTP"	"comparison_groupWWTP"	0.062900051068354	0	0.607897394226777	0.917588773196437	0.970189403507061	0.681771317257972	0.75612664492392	NA	"prevalence"	47	31
UH_vs_WWTP	"s__Betapapillomavirus 3"	"comparison_group"	"WWTP"	"comparison_groupWWTP"	1.46869101145371	1.50627330010426	0.763439235385951	0.961582156397627	0.973308768061013	0.00302403992031392	0.0169346235537579	NA	"abundance"	47	24
UH_vs_WWTP	"s__Cosavirus A"	"comparison_group"	"WWTP"	"comparison_groupWWTP"	1.5624969061165	1.50627330010426	1.06517019635082	0.958687890080817	0.973308768061013	0.0544262618588057	0.131169773714802	NA	"abundance"	47	18
UH_vs_WWTP	"s__Parechovirus A"	"comparison_group"	"WWTP"	"comparison_groupWWTP"	1.44124787426817	1.50627330010426	1.27481354945877	0.959730535053527	0.973308768061013	0.882931936109606	0.91563311892848	NA	"abundance"	47	22
UH_vs_WWTP	"s__Respirovirus pneumoniae"	"comparison_group"	"WWTP"	"comparison_groupWWTP"	1.5682597623558	1.50627330010426	1.10464936285191	0.955887291321467	0.973308768061013	0.342450173065014	0.461518176924506	NA	"abundance"	47	21
UH_vs_WWTP	"s__Cosavirus D"	"comparison_group"	"WWTP"	"comparison_groupWWTP"	-0.0454417665597553	0	0.843698503249133	0.957046549778324	0.973308768061013	0.874554192441103	0.91563311892848	NA	"prevalence"	47	6
UH_vs_WWTP	"s__Gammapapillomavirus 6"	"comparison_group"	"WWTP"	"comparison_groupWWTP"	-0.0454417665597556	0	0.843698503249133	0.957046549778324	0.973308768061013	0.912487505963797	0.934743298792182	NA	"prevalence"	47	6
UH_vs_WWTP	"s__Human respiratory circovirus-like 1"	"comparison_group"	"WWTP"	"comparison_groupWWTP"	-0.0454417665597553	0	0.843698503249133	0.957046549778324	0.973308768061013	0.990257477192384	0.990257477192384	NA	"prevalence"	47	6
UH_vs_WWTP	"s__Roseolovirus humanbeta6b"	"comparison_group"	"WWTP"	"comparison_groupWWTP"	1.52925184736132	1.50627330010426	1.09826436961611	0.984073045151367	0.99003712421289	0.876723716748316	0.91563311892848	NA	"abundance"	47	7
UH_vs_WWTP	"s__Alphapapillomavirus 14"	"comparison_group"	"WWTP"	"comparison_groupWWTP"	1.50627330010426	1.50627330010426	1.04715775975961	1	1	0.976954351516697	0.98872488587232	NA	"abundance"	47	17
UH_vs_WWTP	"s__Betapolyomavirus hominis"	"comparison_group"	"WWTP"	"comparison_groupWWTP"	NA	0	NA	NA	NA	0.612819511102981	0.714956096286812	"All logistic values are the same"	"prevalence"	47	47
UH_vs_WWTP	"s__Betapolyomavirus secuhominis"	"comparison_group"	"WWTP"	"comparison_groupWWTP"	NA	0	NA	NA	NA	0.0405226169973889	0.109803220250989	"All logistic values are the same"	"prevalence"	47	47
UH_vs_SA	"s__Simplexvirus humanalpha2"	"comparison_group"	"SA"	"comparison_groupSA"	-2.16706171835902	1.08619971969802	0.597956084624468	5.55474655872246e-06	0.000436047604859713	1.11094622622356e-05	0.000438823759358305	NA	"abundance"	71	47
UH_vs_SA	"s__Torque teno virus"	"comparison_group"	"SA"	"comparison_groupSA"	-1.92156697981664	1.08619971969802	0.548985170710199	3.05900504615764e-06	0.000436047604859713	6.1180007348034e-06	0.000438823759358305	NA	"abundance"	71	64
UH_vs_SA	"s__Alphapapillomavirus 4"	"comparison_group"	"SA"	"comparison_groupSA"	3.42215395345124	0	0.793082847599744	1.59601567752867e-05	0.000809940808165241	3.1920058823969e-05	0.00081509125684804	NA	"prevalence"	71	55
UH_vs_SA	"s__Mupapillomavirus 1"	"comparison_group"	"SA"	"comparison_groupSA"	2.93278100433045	0	0.688785460206379	2.06354346029361e-05	0.000809940808165241	4.12704433847109e-05	0.00081509125684804	NA	"prevalence"	71	39
UH_vs_SA	"s__Enterovirus A"	"comparison_group"	"SA"	"comparison_groupSA"	2.12448888104194	0	0.569485533289496	0.000191069378025881	0.00599957847001266	0.000382102248544542	0.00603721552700377	NA	"prevalence"	71	45
UH_vs_SA	"s__Bocaparvovirus primate1"	"comparison_group"	"SA"	"comparison_groupSA"	2.10447775424283	0	0.573692625137494	0.000244166758571495	0.00638903018262078	0.000488273899736999	0.00642893967987048	NA	"prevalence"	71	42
UH_vs_SA	"s__Gammapapillomavirus 7"	"comparison_group"	"SA"	"comparison_groupSA"	2.0343747905745	0	0.586495899038816	0.000522994825466737	0.011730026799754	0.00104571612734601	0.0118016534371907	NA	"prevalence"	71	38
UH_vs_SA	"s__Rhinovirus A"	"comparison_group"	"SA"	"comparison_groupSA"	2.55115613093094	0	0.793082847599744	0.00129647600315351	0.0227617418917041	0.00259127115628026	0.0226089250472246	NA	"prevalence"	71	60
UH_vs_SA	"s__Rhinovirus C"	"comparison_group"	"SA"	"comparison_groupSA"	3.13061802481305	0	0.973778188163967	0.00130481322946074	0.0227617418917041	0.00260792392135771	0.0226089250472246	NA	"prevalence"	71	61
UH_vs_SA	"s__Human coronavirus NL63"	"comparison_group"	"SA"	"comparison_groupSA"	1.94374975687015	0	0.615023943953814	0.00157527983885162	0.0247318934699704	0.00314807817113255	0.0226089250472246	NA	"prevalence"	71	33
UH_vs_SA	"s__Alphapapillomavirus 11"	"comparison_group"	"SA"	"comparison_groupSA"	-1.69948324100181	0	0.545016805557115	0.00181945871120802	0.0259686379690599	0.00363560699241424	0.0239344127000604	NA	"prevalence"	71	27
UH_vs_SA	"s__Rhinovirus B"	"comparison_group"	"SA"	"comparison_groupSA"	1.69677582444099	0	0.553978536671369	0.00219209956404985	0.0286799692963188	0.00437939382760099	0.0266132394138829	NA	"prevalence"	71	49
UH_vs_SA	"s__Human mastadenovirus A"	"comparison_group"	"SA"	"comparison_groupSA"	1.76143633894173	0	0.579894565625999	0.00238540402114956	0.0288083408708062	0.004765117889955	0.0268888795218889	NA	"prevalence"	71	35
UH_vs_SA	"s__Betapolyomavirus secuhominis"	"comparison_group"	"SA"	"comparison_groupSA"	-0.708719521532807	1.08619971969802	0.548943100083618	0.00313525253480151	0.0351596177117027	0.00313525253480151	0.0226089250472246	NA	"abundance"	71	71
UH_vs_SA	"s__Gammapapillomavirus 1"	"comparison_group"	"SA"	"comparison_groupSA"	5.04864598981884	0	1.77484727368819	0.0044473876511982	0.0465493240825412	0.00887499604547638	0.0467416458395089	NA	"prevalence"	71	59
UH_vs_SA	"s__Betapapillomavirus 3"	"comparison_group"	"SA"	"comparison_groupSA"	1.5277242022134	0	0.555019991536252	0.00591318388219308	0.055043822952192	0.0117914020207615	0.0582200474775101	NA	"prevalence"	71	36
UH_vs_SA	"s__Simplexvirus humanalpha2"	"comparison_group"	"SA"	"comparison_groupSA"	-2.11646170075696	0	0.769632172304054	0.00596015917316728	0.055043822952192	1.11094622622356e-05	0.000438823759358305	NA	"prevalence"	71	47
UH_vs_SA	"s__Deltapolyomavirus sextihominis"	"comparison_group"	"SA"	"comparison_groupSA"	1.49066649956391	0	0.562609325873424	0.00805969420468798	0.0702984438964451	0.0160544297387029	0.0746058793739722	NA	"prevalence"	71	52
UH_vs_SA	"s__Betacoronavirus 1"	"comparison_group"	"SA"	"comparison_groupSA"	1.60916091057624	0	0.6121417070474	0.00857020551886272	0.0708169613927077	0.0170669626150899	0.0749050025884501	NA	"prevalence"	71	29
UH_vs_SA	"s__Severe acute respiratory syndrome-related coronavirus"	"comparison_group"	"SA"	"comparison_groupSA"	2.54181776880559	0	0.994504696129012	0.0105924810020108	0.0831509758657851	0.0210727613502437	0.0876183235089082	NA	"prevalence"	71	64
UH_vs_SA	"s__Cytomegalovirus humanbeta5"	"comparison_group"	"SA"	"comparison_groupSA"	-1.2328974690818	1.08619971969802	0.835772725266211	0.0116476282548423	0.0870798874290594	0.0231595892657217	0.0914803775996006	NA	"abundance"	71	29
UH_vs_SA	"s__Alphapapillomavirus 1"	"comparison_group"	"SA"	"comparison_groupSA"	-1.30883702418984	0	0.52784958070116	0.0131542976579246	0.0938738514679166	0.0261355597689759	0.0983194867499571	NA	"prevalence"	71	28
UH_vs_SA	"s__Bocaparvovirus primate2"	"comparison_group"	"SA"	"comparison_groupSA"	1.2776513207044	0	0.535531866332515	0.0170437992956269	0.107035059576537	0.0337971074968242	0.111248812177046	NA	"prevalence"	71	48
UH_vs_SA	"s__Mupapillomavirus 2"	"comparison_group"	"SA"	"comparison_groupSA"	1.60481455212766	0	0.670298235891642	0.0166575770404785	0.107035059576537	0.0330376792080975	0.111248812177046	NA	"prevalence"	71	24
UH_vs_SA	"s__Sapovirus Sapozj-9"	"comparison_group"	"SA"	"comparison_groupSA"	1.60481455212767	0	0.670298235891642	0.0166575770404782	0.107035059576537	0.0330376792080969	0.111248812177046	NA	"prevalence"	71	24
UH_vs_SA	"s__Alphapapillomavirus 1"	"comparison_group"	"SA"	"comparison_groupSA"	-1.1351916492644	1.08619971969802	0.85553507573349	0.0179275239296754	0.108254663729194	0.0261355597689759	0.0983194867499571	NA	"abundance"	71	28
UH_vs_SA	"s__Gammapapillomavirus 1"	"comparison_group"	"SA"	"comparison_groupSA"	2.94985989801922	1.08619971969802	0.748849124295483	0.0197981839168206	0.113784061435823	0.00887499604547638	0.0467416458395089	NA	"abundance"	71	59
UH_vs_SA	"s__Lymphocryptovirus humangamma4"	"comparison_group"	"SA"	"comparison_groupSA"	-0.388154529339887	1.08619971969802	0.588074911724245	0.0202926988547965	0.113784061435823	0.0401736040827815	0.126948588901589	NA	"abundance"	71	70
UH_vs_SA	"s__Enterovirus B"	"comparison_group"	"SA"	"comparison_groupSA"	1.52089020558635	0	0.67105379881323	0.0234256387371848	0.126821561439242	0.0463025169241245	0.140688416807917	NA	"prevalence"	71	23
UH_vs_SA	"s__Sapporo virus"	"comparison_group"	"SA"	"comparison_groupSA"	1.51054710011762	0	0.674220614253808	0.0250627309975559	0.131161625553876	0.0494973215100559	0.144825496270164	NA	"prevalence"	71	60
UH_vs_SA	"s__Mamastrovirus 1"	"comparison_group"	"SA"	"comparison_groupSA"	1.1794173270776	0	0.553978536671369	0.0332547050848769	0.16841899026857	0.0654035347594716	0.184531401642795	NA	"prevalence"	71	52
UH_vs_SA	"s__Alphapapillomavirus 14"	"comparison_group"	"SA"	"comparison_groupSA"	-1.27981333350882	0	0.608169557161594	0.0353462469260159	0.173417523980766	0.069443136680277	0.189172682680755	NA	"prevalence"	71	14
UH_vs_SA	"s__Alphapapillomavirus 9"	"comparison_group"	"SA"	"comparison_groupSA"	-1.17578908746995	0	0.575412183966672	0.0410142617626396	0.1951284574768	0.0803463538573448	0.211578731824341	NA	"prevalence"	71	43
UH_vs_SA	"s__Roseolovirus humanbeta7"	"comparison_group"	"SA"	"comparison_groupSA"	-0.889457230002377	1.08619971969802	0.940807582020827	0.0477767912103677	0.203540629568936	0.0932709606423763	0.223285026992356	NA	"abundance"	71	34
UH_vs_SA	"s__Sapporo virus"	"comparison_group"	"SA"	"comparison_groupSA"	3.42154228863105	1.08619971969802	1.14087800759816	0.0479681738474562	0.203540629568936	0.0494973215100559	0.144825496270164	NA	"abundance"	71	60
UH_vs_SA	"s__Human papillomavirus"	"comparison_group"	"SA"	"comparison_groupSA"	2.03917821469604	0	1.03002084311137	0.0477322329074059	0.203540629568936	0.0931860997564849	0.223285026992356	NA	"prevalence"	71	66
UH_vs_SA	"s__Orthopneumovirus hominis"	"comparison_group"	"SA"	"comparison_groupSA"	1.34917738240539	0	0.673312240390344	0.0450923936573187	0.203540629568936	0.0881514633488908	0.223285026992356	NA	"prevalence"	71	21
UH_vs_SA	"s__Orthopicobirnavirus hominis"	"comparison_group"	"SA"	"comparison_groupSA"	0.031728386685678	1.08619971969802	0.489025430928734	0.0509549327626134	0.207784056681147	0.0993134603523844	0.226992217228058	NA	"abundance"	71	70
UH_vs_SA	"s__TTV-like mini virus"	"comparison_group"	"SA"	"comparison_groupSA"	-0.326868089598723	1.08619971969802	0.684291957824973	0.0516151478379918	0.207784056681147	0.100566172189646	0.226992217228058	NA	"abundance"	71	64
UH_vs_SA	"s__HMO Astrovirus A"	"comparison_group"	"SA"	"comparison_groupSA"	1.09328799634008	0	0.575776790923506	0.0575900860123093	0.226041087598314	0.111863554017713	0.245478354649982	NA	"prevalence"	71	27
UH_vs_SA	"s__Deltapolyomavirus septihominis"	"comparison_group"	"SA"	"comparison_groupSA"	0.951016865791423	0	0.522428089835947	0.0687013833347567	0.263076028867239	0.132682886597404	0.283295893005269	NA	"prevalence"	71	36
UH_vs_SA	"s__Deltapolyomavirus septihominis"	"comparison_group"	"SA"	"comparison_groupSA"	-0.364577130158595	1.08619971969802	0.78641810615476	0.0803034737681592	0.300182032895262	0.132682886597404	0.283295893005269	NA	"abundance"	71	36
UH_vs_SA	"s__Alphapapillomavirus 6"	"comparison_group"	"SA"	"comparison_groupSA"	-0.23330965333929	1.08619971969802	0.738845951412082	0.0910242143520494	0.312758244061618	0.173763021105691	0.336954573810188	NA	"abundance"	71	41
UH_vs_SA	"s__Respirovirus pneumoniae"	"comparison_group"	"SA"	"comparison_groupSA"	3.13259700455044	1.08619971969802	1.1453198990546	0.0916361734193275	0.312758244061618	0.174875158559718	0.336954573810188	NA	"abundance"	71	25
UH_vs_SA	"s__Betapapillomavirus 2"	"comparison_group"	"SA"	"comparison_groupSA"	3.11024218062769	0	1.82869519218228	0.088980816588754	0.312758244061618	0.170044047456707	0.336954573810188	NA	"prevalence"	71	68
UH_vs_SA	"s__Human mastadenovirus F"	"comparison_group"	"SA"	"comparison_groupSA"	0.888539061343261	0	0.524485472380638	0.0902433038093101	0.312758244061618	0.172342753736201	0.336954573810188	NA	"prevalence"	71	47
UH_vs_SA	"s__Alphainfluenzavirus influenzae"	"comparison_group"	"SA"	"comparison_groupSA"	3.7048876242875	1.08619971969802	1.54439770979273	0.111056051409374	0.370974469601525	0.209778656264106	0.391819349488223	NA	"abundance"	71	18
UH_vs_SA	"s__Gammapapillomavirus 4"	"comparison_group"	"SA"	"comparison_groupSA"	-1.15974237933899	1.08619971969802	1.32683798440747	0.116654642426379	0.373509272456031	0.219700979253131	0.391819349488223	NA	"abundance"	71	15
UH_vs_SA	"s__Rotavirus A"	"comparison_group"	"SA"	"comparison_groupSA"	3.1293044775524	1.08619971969802	1.28333738753192	0.118951997597462	0.373509272456031	0.223754417462498	0.391819349488223	NA	"abundance"	71	68
UH_vs_SA	"s__Gyrovirus homsa3"	"comparison_group"	"SA"	"comparison_groupSA"	0.859575859611746	0	0.550716257911917	0.118563265873031	0.373509272456031	0.223069283731584	0.391819349488223	NA	"prevalence"	71	28
UH_vs_SA	"s__Torque teno virus 16"	"comparison_group"	"SA"	"comparison_groupSA"	-1.79055545019528	1.08619971969802	1.73900729287703	0.121448906239012	0.373872123127937	0.22814797565137	0.391819349488223	NA	"abundance"	71	16
UH_vs_SA	"s__Enterovirus A"	"comparison_group"	"SA"	"comparison_groupSA"	3.12043176975523	1.08619971969802	1.30257460336814	0.12908905296027	0.375314468791897	0.000382102248544542	0.00603721552700377	NA	"abundance"	71	45
UH_vs_SA	"s__Molluscum contagiosum virus"	"comparison_group"	"SA"	"comparison_groupSA"	3.10879429655674	1.08619971969802	1.22627139460694	0.126683298933279	0.375314468791897	0.237317939637939	0.398896111306323	NA	"abundance"	71	15
UH_vs_SA	"s__Orthopneumovirus hominis"	"comparison_group"	"SA"	"comparison_groupSA"	3.44307533738456	1.08619971969802	1.46856402225678	0.127449139273843	0.375314468791897	0.0881514633488908	0.223285026992356	NA	"abundance"	71	21
UH_vs_SA	"s__Bocaparvovirus primate1"	"comparison_group"	"SA"	"comparison_groupSA"	3.48902748179112	1.08619971969802	1.56047092844934	0.132374481795711	0.376768118811109	0.000488273899736999	0.00642893967987048	NA	"abundance"	71	42
UH_vs_SA	"s__HMO Astrovirus A"	"comparison_group"	"SA"	"comparison_groupSA"	-2.06024986922522	1.08619971969802	2.03149711087465	0.134388628365746	0.376768118811109	0.111863554017713	0.245478354649982	NA	"abundance"	71	27
UH_vs_SA	"s__Betacoronavirus 1"	"comparison_group"	"SA"	"comparison_groupSA"	-1.09739898202412	1.08619971969802	1.49938340974466	0.158592042951248	0.430465298606182	0.0170669626150899	0.0749050025884501	NA	"abundance"	71	29
UH_vs_SA	"s__Alphapapillomavirus 3"	"comparison_group"	"SA"	"comparison_groupSA"	-0.776511302040041	0	0.551359721946465	0.159025396937316	0.430465298606182	0.292761717003561	0.48183699256836	NA	"prevalence"	71	44
UH_vs_SA	"s__Gammapapillomavirus 10"	"comparison_group"	"SA"	"comparison_groupSA"	-0.600595433544496	1.08619971969802	1.15687370783977	0.171401317390511	0.456101810683225	0.313424223177819	0.50531660471526	NA	"abundance"	71	15
UH_vs_SA	"s__Deltapolyomavirus sextihominis"	"comparison_group"	"SA"	"comparison_groupSA"	0.0529165965657508	1.08619971969802	0.732757390955532	0.175520719822164	0.459279216867995	0.0160544297387029	0.0746058793739722	NA	"abundance"	71	52
UH_vs_SA	"s__Betapolyomavirus hominis"	"comparison_group"	"SA"	"comparison_groupSA"	0.118388993520304	1.08619971969802	0.704642201396202	0.186261017118955	0.479393109634031	0.337828867739722	0.53376961102876	NA	"abundance"	71	70
UH_vs_SA	"s__Alphapapillomavirus 14"	"comparison_group"	"SA"	"comparison_groupSA"	2.63933006942431	1.08619971969802	1.114685848524	0.192813018502002	0.483707562259088	0.069443136680277	0.189172682680755	NA	"abundance"	71	14
UH_vs_SA	"s__Human respiratory circovirus-like 1"	"comparison_group"	"SA"	"comparison_groupSA"	0.87826196417465	0	0.68492886641223	0.199748855911704	0.483707562259088	0.359598106385374	0.557024517734206	NA	"prevalence"	71	16
UH_vs_SA	"s__Torque teno virus"	"comparison_group"	"SA"	"comparison_groupSA"	-3.23413190747474	0	2.52507148490541	0.200261092655036	0.483707562259088	6.1180007348034e-06	0.000438823759358305	NA	"prevalence"	71	64
UH_vs_SA	"s__Torque teno virus 16"	"comparison_group"	"SA"	"comparison_groupSA"	0.878261964174646	0	0.68492886641223	0.199748855911706	0.483707562259088	0.22814797565137	0.391819349488223	NA	"prevalence"	71	16
UH_vs_SA	"s__Alphapapillomavirus 7"	"comparison_group"	"SA"	"comparison_groupSA"	-0.00460720232647887	1.08619971969802	0.834693655902435	0.210521081910247	0.500784997877406	0.376723037891833	0.572329230643361	NA	"abundance"	71	42
UH_vs_SA	"s__Cytomegalovirus humanbeta5"	"comparison_group"	"SA"	"comparison_groupSA"	0.649152418791603	0	0.533136447308841	0.223372106106288	0.52342418893563	0.0231595892657217	0.0914803775996006	NA	"prevalence"	71	29
UH_vs_SA	"s__Betapapillomavirus 4"	"comparison_group"	"SA"	"comparison_groupSA"	0.750575234796566	0	0.62261590749899	0.228003051932707	0.526418811079925	0.404020712174785	0.600164193954233	NA	"prevalence"	71	19
UH_vs_SA	"s__Alphapapillomavirus 10"	"comparison_group"	"SA"	"comparison_groupSA"	0.1748199834726	1.08619971969802	0.733680959644529	0.232040897000768	0.527977113465515	0.410238816120615	0.600164193954233	NA	"abundance"	71	47
UH_vs_SA	"s__Rotavirus A"	"comparison_group"	"SA"	"comparison_groupSA"	1.28493183669108	0	1.13061081098466	0.255750084760622	0.573610904391681	0.223754417462498	0.391819349488223	NA	"prevalence"	71	68
UH_vs_SA	"s__Gammapapillomavirus 10"	"comparison_group"	"SA"	"comparison_groupSA"	0.772423830375965	0	0.688785460206377	0.262105396226529	0.579585171937535	0.313424223177819	0.50531660471526	NA	"prevalence"	71	15
UH_vs_SA	"s__Alphapolyomavirus quintihominis"	"comparison_group"	"SA"	"comparison_groupSA"	1.72221838533614	1.08619971969802	0.593489286283347	0.309099238265	0.601916591318733	0.519300187634489	0.707322669364218	NA	"abundance"	71	70
UH_vs_SA	"s__Bocaparvovirus primate2"	"comparison_group"	"SA"	"comparison_groupSA"	2.16485160481523	1.08619971969802	1.02869622325484	0.304942309246344	0.601916591318733	0.0337971074968242	0.111248812177046	NA	"abundance"	71	48
UH_vs_SA	"s__Roseolovirus humanbeta6b"	"comparison_group"	"SA"	"comparison_groupSA"	2.13644461118479	1.08619971969802	0.92880731042301	0.287677327905238	0.601916591318733	0.492596410819778	0.707322669364218	NA	"abundance"	71	14
UH_vs_SA	"s__Sapovirus Sapozj-9"	"comparison_group"	"SA"	"comparison_groupSA"	-1.58822647062161	1.08619971969802	2.63721654245491	0.320351862719911	0.601916591318733	0.0330376792080969	0.111248812177046	NA	"abundance"	71	24
UH_vs_SA	"s__Alphapolyomavirus quintihominis"	"comparison_group"	"SA"	"comparison_groupSA"	2.01458517481971	0	1.97078609441051	0.306674814848393	0.601916591318733	0.519300187634489	0.707322669364218	NA	"prevalence"	71	70
UH_vs_SA	"s__Betapapillomavirus 1"	"comparison_group"	"SA"	"comparison_groupSA"	2.01458517481971	0	1.97078609441051	0.306674814848392	0.601916591318733	0.519300187634488	0.707322669364218	NA	"prevalence"	71	70
UH_vs_SA	"s__Lymphocryptovirus humangamma4"	"comparison_group"	"SA"	"comparison_groupSA"	2.01458517481971	0	1.97078609441051	0.306674814848392	0.601916591318733	0.0401736040827815	0.126948588901589	NA	"prevalence"	71	70
UH_vs_SA	"s__Mamastrovirus 6"	"comparison_group"	"SA"	"comparison_groupSA"	0.502612427328298	0	0.507553393709038	0.322044545673717	0.601916591318733	0.540376401949243	0.711495595899837	NA	"prevalence"	71	40
UH_vs_SA	"s__Norwalk virus"	"comparison_group"	"SA"	"comparison_groupSA"	2.01458517481972	0	1.97078609441051	0.306674814848392	0.601916591318733	0.519300187634489	0.707322669364218	NA	"prevalence"	71	70
UH_vs_SA	"s__Orthopicobirnavirus hominis"	"comparison_group"	"SA"	"comparison_groupSA"	2.01458517481971	0	1.97078609441051	0.306674814848393	0.601916591318733	0.0993134603523844	0.226992217228058	NA	"prevalence"	71	70
UH_vs_SA	"s__Parechovirus A"	"comparison_group"	"SA"	"comparison_groupSA"	0.506467109276875	0	0.507759717969115	0.318544050286389	0.601916591318733	0.535617788599921	0.711495595899837	NA	"prevalence"	71	37
UH_vs_SA	"s__Roseolovirus humanbeta7"	"comparison_group"	"SA"	"comparison_groupSA"	0.517721127784115	0	0.511930986406117	0.311867892644342	0.601916591318733	0.0932709606423763	0.223285026992356	NA	"prevalence"	71	34
UH_vs_SA	"s__TTV-like mini virus"	"comparison_group"	"SA"	"comparison_groupSA"	-1.0491414281634	0	1.0426028439294	0.314285032021595	0.601916591318733	0.100566172189646	0.226992217228058	NA	"prevalence"	71	64
UH_vs_SA	"s__Alphapapillomavirus 3"	"comparison_group"	"SA"	"comparison_groupSA"	0.303647144052997	1.08619971969802	0.788105414023431	0.332992767247573	0.608292629584742	0.292761717003561	0.48183699256836	NA	"abundance"	71	44
UH_vs_SA	"s__Human coronavirus NL63"	"comparison_group"	"SA"	"comparison_groupSA"	-0.275762028741328	1.08619971969802	1.39592186167884	0.336814653737818	0.608292629584742	0.00314807817113255	0.0226089250472246	NA	"abundance"	71	33
UH_vs_SA	"s__Norwalk virus"	"comparison_group"	"SA"	"comparison_groupSA"	1.91233064098453	1.08619971969802	0.847971427990814	0.340953830595269	0.608292629584742	0.519300187634489	0.707322669364218	NA	"abundance"	71	70
UH_vs_SA	"s__Gammapapillomavirus 12"	"comparison_group"	"SA"	"comparison_groupSA"	0.6607524884841	0	0.693424055801345	0.340648993432582	0.608292629584742	0.565256250138533	0.73205317640892	NA	"prevalence"	71	14
UH_vs_SA	"s__Alphapapillomavirus 10"	"comparison_group"	"SA"	"comparison_groupSA"	-0.520874132317768	0	0.555019991536252	0.347998743037743	0.613885423111525	0.410238816120615	0.600164193954233	NA	"prevalence"	71	47
UH_vs_SA	"s__Mupapillomavirus 1"	"comparison_group"	"SA"	"comparison_groupSA"	2.49880248708055	1.08619971969802	1.56387091275287	0.371868097771082	0.647824791594395	4.12704433847109e-05	0.00081509125684804	NA	"abundance"	71	39
UH_vs_SA	"s__Severe acute respiratory syndrome-related coronavirus"	"comparison_group"	"SA"	"comparison_groupSA"	1.84222355177415	1.08619971969802	0.833740011285768	0.375490802771274	0.647824791594395	0.0210727613502437	0.0876183235089082	NA	"abundance"	71	64
UH_vs_SA	"s__Human respiratory circovirus-like 1"	"comparison_group"	"SA"	"comparison_groupSA"	-0.0720497347790824	1.08619971969802	1.26413977469406	0.381154987579792	0.650449272282907	0.359598106385374	0.557024517734206	NA	"abundance"	71	16
UH_vs_SA	"s__Alphapapillomavirus 8"	"comparison_group"	"SA"	"comparison_groupSA"	2.27521429877503	1.08619971969802	1.35231294931206	0.394443112493877	0.665887835070308	0.633300855993896	0.806947864895449	NA	"abundance"	71	16
UH_vs_SA	"s__Betapapillomavirus 4"	"comparison_group"	"SA"	"comparison_groupSA"	2.2858565517021	1.08619971969802	1.38440439838523	0.399383075049918	0.667054710455714	0.404020712174785	0.600164193954233	NA	"abundance"	71	19
UH_vs_SA	"s__Rhinovirus A"	"comparison_group"	"SA"	"comparison_groupSA"	1.75143032450257	1.08619971969802	0.783358010073148	0.406930217822476	0.672505728401354	0.00259127115628026	0.0226089250472246	NA	"abundance"	71	60
UH_vs_SA	"s__Alphapapillomavirus 7"	"comparison_group"	"SA"	"comparison_groupSA"	0.417623643112517	0	0.509221790336062	0.412146953588256	0.674031997014126	0.376723037891833	0.572329230643361	NA	"prevalence"	71	42
UH_vs_SA	"s__Alphapapillomavirus 9"	"comparison_group"	"SA"	"comparison_groupSA"	0.454088218945667	1.08619971969802	0.798277295837866	0.438092220567808	0.674405166701973	0.0803463538573448	0.211578731824341	NA	"abundance"	71	43
UH_vs_SA	"s__Human papillomavirus"	"comparison_group"	"SA"	"comparison_groupSA"	1.60529567487553	1.08619971969802	0.62912435505432	0.425525902454142	0.674405166701973	0.0931860997564849	0.223285026992356	NA	"abundance"	71	66
UH_vs_SA	"s__Salivirus FHB"	"comparison_group"	"SA"	"comparison_groupSA"	2.22238484699495	1.08619971969802	1.39122190066584	0.420747399738665	0.674405166701973	0.664466425090482	0.819113871724017	NA	"abundance"	71	31
UH_vs_SA	"s__Alphapapillomavirus 2"	"comparison_group"	"SA"	"comparison_groupSA"	0.432369098849726	0	0.556902648740847	0.437523568415742	0.674405166701973	0.683620263912239	0.819113871724017	NA	"prevalence"	71	23
UH_vs_SA	"s__Alphapapillomavirus 5"	"comparison_group"	"SA"	"comparison_groupSA"	0.432369098849725	0	0.556902648740847	0.437523568415743	0.674405166701973	0.68362026391224	0.819113871724017	NA	"prevalence"	71	23
UH_vs_SA	"s__Protoparvovirus primate3"	"comparison_group"	"SA"	"comparison_groupSA"	0.541989262756707	0	0.699049268621317	0.438148579640772	0.674405166701973	0.684322981440318	0.819113871724017	NA	"prevalence"	71	13
UH_vs_SA	"s__Kobuvirus aichi"	"comparison_group"	"SA"	"comparison_groupSA"	0.209504003906257	1.08619971969802	1.16239909903497	0.452996149551275	0.690489276500487	0.700786787594269	0.823026421093192	NA	"abundance"	71	64
UH_vs_SA	"s__Gammapapillomavirus 8"	"comparison_group"	"SA"	"comparison_groupSA"	2.22649743130312	1.08619971969802	1.48637317673348	0.4600257464452	0.694461944152851	0.708427805497937	0.823026421093192	NA	"abundance"	71	12
UH_vs_SA	"s__Gammapapillomavirus 12"	"comparison_group"	"SA"	"comparison_groupSA"	2.02040957769997	1.08619971969802	1.2823874143476	0.48015249183326	0.711696661365867	0.565256250138533	0.73205317640892	NA	"abundance"	71	14
UH_vs_SA	"s__Erythroparvovirus primate1"	"comparison_group"	"SA"	"comparison_groupSA"	0.446760134399906	0	0.633266826113805	0.480508573915808	0.711696661365867	0.730128658225013	0.835944405793856	NA	"prevalence"	71	16
UH_vs_SA	"s__Cosavirus D"	"comparison_group"	"SA"	"comparison_groupSA"	2.16587530917875	1.08619971969802	1.49735423074336	0.496873430493267	0.729057276518158	0.746863655056386	0.842888982135065	NA	"abundance"	71	8
UH_vs_SA	"s__Alphapapillomavirus 11"	"comparison_group"	"SA"	"comparison_groupSA"	0.489072407967893	1.08619971969802	0.880257206431123	0.503550091566641	0.732012633110766	0.00363560699241424	0.0239344127000604	NA	"abundance"	71	27
UH_vs_SA	"s__Torque teno midi virus"	"comparison_group"	"SA"	"comparison_groupSA"	-0.333589255075903	0	0.505227949062701	0.509077534078907	0.733258466517324	0.758995132453953	0.844515710758624	NA	"prevalence"	71	33
UH_vs_SA	"s__Human mastadenovirus A"	"comparison_group"	"SA"	"comparison_groupSA"	2.31909984288391	1.08619971969802	1.93026254534944	0.526157451281866	0.744204683344621	0.004765117889955	0.0268888795218889	NA	"abundance"	71	35
UH_vs_SA	"s__Torque teno midi virus"	"comparison_group"	"SA"	"comparison_groupSA"	0.471685708930813	1.08619971969802	0.944005851738126	0.521478264028452	0.744204683344621	0.758995132453953	0.844515710758624	NA	"abundance"	71	33
UH_vs_SA	"s__Mamastrovirus 1"	"comparison_group"	"SA"	"comparison_groupSA"	0.0106200533686467	1.08619971969802	1.72216035775535	0.537572258239901	0.753561111997004	0.0654035347594716	0.184531401642795	NA	"abundance"	71	52
UH_vs_SA	"s__Kobuvirus aichi"	"comparison_group"	"SA"	"comparison_groupSA"	0.471820409207845	0	0.78672112063565	0.548686062975113	0.762333733514095	0.700786787594269	0.823026421093192	NA	"prevalence"	71	64
UH_vs_SA	"s__Gammapapillomavirus 8"	"comparison_group"	"SA"	"comparison_groupSA"	0.414505841593912	0	0.70595015290823	0.557096111477333	0.767228855280187	0.708427805497937	0.823026421093192	NA	"prevalence"	71	12
UH_vs_SA	"s__Human mastadenovirus B"	"comparison_group"	"SA"	"comparison_groupSA"	0.310450691497625	0	0.537580938766888	0.56360462881044	0.769442841071644	0.809559080004326	0.888266212782525	NA	"prevalence"	71	25
UH_vs_SA	"s__Betapapillomavirus 2"	"comparison_group"	"SA"	"comparison_groupSA"	1.43566459337287	1.08619971969802	0.663407680131662	0.608889590868074	0.78357103087121	0.170044047456707	0.336954573810188	NA	"abundance"	71	68
UH_vs_SA	"s__Betapapillomavirus 3"	"comparison_group"	"SA"	"comparison_groupSA"	0.577905165708782	1.08619971969802	0.969845424077671	0.604832649935287	0.78357103087121	0.0117914020207615	0.0582200474775101	NA	"abundance"	71	36
UH_vs_SA	"s__Cosavirus A"	"comparison_group"	"SA"	"comparison_groupSA"	0.380212926984824	1.08619971969802	1.32827892304689	0.601641747073739	0.78357103087121	0.841310702325537	0.898156020050235	NA	"abundance"	71	17
UH_vs_SA	"s__Gammapapillomavirus 7"	"comparison_group"	"SA"	"comparison_groupSA"	0.540158927332288	1.08619971969802	1.01311967602991	0.593588185753338	0.78357103087121	0.00104571612734601	0.0118016534371907	NA	"abundance"	71	38
UH_vs_SA	"s__Betapolyomavirus hominis"	"comparison_group"	"SA"	"comparison_groupSA"	-1.39672766185898	0	2.64272811653788	0.597140307960286	0.78357103087121	0.337828867739722	0.53376961102876	NA	"prevalence"	71	70
UH_vs_SA	"s__Enterovirus C"	"comparison_group"	"SA"	"comparison_groupSA"	0.270775603606307	0	0.512340771705331	0.597147599074906	0.78357103087121	0.837709943068887	0.898156020050235	NA	"prevalence"	71	31
UH_vs_SA	"s__Gammapapillomavirus 4"	"comparison_group"	"SA"	"comparison_groupSA"	0.335088792508043	0	0.638309003562169	0.599608712966773	0.78357103087121	0.219700979253131	0.391819349488223	NA	"prevalence"	71	15
UH_vs_SA	"s__Alphapapillomavirus 2"	"comparison_group"	"SA"	"comparison_groupSA"	1.69830139683127	1.08619971969802	1.22920291703504	0.623656195222965	0.785147500925579	0.683620263912239	0.819113871724017	NA	"abundance"	71	23
UH_vs_SA	"s__Gammapapillomavirus 6"	"comparison_group"	"SA"	"comparison_groupSA"	0.145978411770274	1.08619971969802	1.82215199368008	0.619850428486808	0.785147500925579	0.855486303278336	0.901112239453181	NA	"abundance"	71	9
UH_vs_SA	"s__Alphapapillomavirus 8"	"comparison_group"	"SA"	"comparison_groupSA"	-0.286313987330915	0	0.585975850957559	0.625117437042659	0.785147500925579	0.633300855993896	0.806947864895449	NA	"prevalence"	71	16
UH_vs_SA	"s__Alphainfluenzavirus influenzae"	"comparison_group"	"SA"	"comparison_groupSA"	0.283670850815358	0	0.593342975207293	0.632586739620742	0.788223159686162	0.209778656264106	0.391819349488223	NA	"prevalence"	71	18
UH_vs_SA	"s__Human respiratory circular DNA virus"	"comparison_group"	"SA"	"comparison_groupSA"	1.41381492652721	1.08619971969802	0.679859467964695	0.637943832025786	0.788639225417704	0.868915331231828	0.903214620622558	NA	"abundance"	71	46
UH_vs_SA	"s__Protoparvovirus primate3"	"comparison_group"	"SA"	"comparison_groupSA"	0.433566781284304	1.08619971969802	1.44288063597904	0.657827303454092	0.806866301892909	0.684322981440318	0.819113871724017	NA	"abundance"	71	13
UH_vs_SA	"s__Enterovirus B"	"comparison_group"	"SA"	"comparison_groupSA"	0.483587096602589	1.08619971969802	1.63449044866663	0.714404585852323	0.849219285420274	0.0463025169241245	0.140688416807917	NA	"abundance"	71	23
UH_vs_SA	"s__Enterovirus C"	"comparison_group"	"SA"	"comparison_groupSA"	0.627630261046853	1.08619971969802	1.26506401447556	0.718576737461506	0.849219285420274	0.837709943068887	0.898156020050235	NA	"abundance"	71	31
UH_vs_SA	"s__Erythroparvovirus primate1"	"comparison_group"	"SA"	"comparison_groupSA"	1.50273341225573	1.08619971969802	1.07704524152293	0.70476232326589	0.849219285420274	0.730128658225013	0.835944405793856	NA	"abundance"	71	16
UH_vs_SA	"s__Alphapapillomavirus 6"	"comparison_group"	"SA"	"comparison_groupSA"	-0.187711046034604	0	0.513032369941695	0.714450602648109	0.849219285420274	0.173763021105691	0.336954573810188	NA	"prevalence"	71	41
UH_vs_SA	"s__Human circovirus VS6600022"	"comparison_group"	"SA"	"comparison_groupSA"	0.327580790764915	0	0.911826808445606	0.719402324591697	0.849219285420274	0.921264944555457	0.9451939041543	NA	"prevalence"	71	66
UH_vs_SA	"s__Roseolovirus humanbeta6b"	"comparison_group"	"SA"	"comparison_groupSA"	0.216325566780648	0	0.64441550479837	0.737102627586154	0.863620242768852	0.492596410819778	0.707322669364218	NA	"prevalence"	71	14
UH_vs_SA	"s__Gyrovirus homsa3"	"comparison_group"	"SA"	"comparison_groupSA"	0.856588328576243	1.08619971969802	0.694934473806259	0.747411361788555	0.866167832060462	0.223069283731584	0.391819349488223	NA	"abundance"	71	28
UH_vs_SA	"s__Cosavirus D"	"comparison_group"	"SA"	"comparison_groupSA"	-0.241571749965422	0	0.759112153758451	0.750310988281674	0.866167832060462	0.746863655056386	0.842888982135065	NA	"prevalence"	71	8
UH_vs_SA	"s__Human mastadenovirus B"	"comparison_group"	"SA"	"comparison_groupSA"	1.50105375001479	1.08619971969802	1.45063833165064	0.776354434769847	0.87688954143069	0.809559080004326	0.888266212782525	NA	"abundance"	71	25
UH_vs_SA	"s__Rhinovirus B"	"comparison_group"	"SA"	"comparison_groupSA"	1.37728203760134	1.08619971969802	0.998347421290671	0.771960079051711	0.87688954143069	0.00437939382760099	0.0266132394138829	NA	"abundance"	71	49
UH_vs_SA	"s__Cosavirus A"	"comparison_group"	"SA"	"comparison_groupSA"	0.177832717016678	0	0.597790719545573	0.766097605623504	0.87688954143069	0.841310702325537	0.898156020050235	NA	"prevalence"	71	17
UH_vs_SA	"s__Betapapillomavirus 1"	"comparison_group"	"SA"	"comparison_groupSA"	1.25151906074305	1.08619971969802	0.58577650945037	0.785160321601243	0.88050121779568	0.519300187634488	0.707322669364218	NA	"abundance"	71	70
UH_vs_SA	"s__Human circovirus VS6600022"	"comparison_group"	"SA"	"comparison_groupSA"	0.910563190974996	1.08619971969802	0.745061958265266	0.815554371963117	0.901704481677531	0.921264944555457	0.9451939041543	NA	"abundance"	71	66
UH_vs_SA	"s__Mupapillomavirus 2"	"comparison_group"	"SA"	"comparison_groupSA"	1.39815154208544	1.08619971969802	1.311034073471	0.813440808143941	0.901704481677531	0.0330376792080975	0.111248812177046	NA	"abundance"	71	24
UH_vs_SA	"s__Human fecal virus Jorvi2"	"comparison_group"	"SA"	"comparison_groupSA"	1.20348325726833	1.08619971969802	0.513648482237913	0.826551038982968	0.907472119722559	0.969915457922112	0.981614103515287	NA	"abundance"	71	68
UH_vs_SA	"s__Hepatitis E virus"	"comparison_group"	"SA"	"comparison_groupSA"	0.123889726844377	0	0.72548131502111	0.864405396550183	0.942441994849852	0.981614103515287	0.981614103515287	NA	"prevalence"	71	10
UH_vs_SA	"s__Rhinovirus C"	"comparison_group"	"SA"	"comparison_groupSA"	1.21596813777128	1.08619971969802	0.897387123220211	0.885824736966983	0.959134370371147	0.00260792392135771	0.0226089250472246	NA	"abundance"	71	61
UH_vs_SA	"s__Alphapapillomavirus 5"	"comparison_group"	"SA"	"comparison_groupSA"	1.24900529634499	1.08619971969802	1.30496427947209	0.901344500707183	0.969254017883752	0.68362026391224	0.819113871724017	NA	"abundance"	71	23
UH_vs_SA	"s__Alphapapillomavirus 4"	"comparison_group"	"SA"	"comparison_groupSA"	1.0275878992392	1.08619971969802	0.842000387199039	0.945019186619168	0.982886787715397	3.1920058823969e-05	0.00081509125684804	NA	"abundance"	71	55
UH_vs_SA	"s__Hepatitis E virus"	"comparison_group"	"SA"	"comparison_groupSA"	1.02937142603696	1.08619971969802	1.81261498747391	0.975590524851607	0.982886787715397	0.981614103515287	0.981614103515287	NA	"abundance"	71	10
UH_vs_SA	"s__Human mastadenovirus F"	"comparison_group"	"SA"	"comparison_groupSA"	1.24753112540604	1.08619971969802	1.61249360764137	0.920297959256371	0.982886787715397	0.172342753736201	0.336954573810188	NA	"abundance"	71	47
UH_vs_SA	"s__Mamastrovirus 6"	"comparison_group"	"SA"	"comparison_groupSA"	1.12826857108539	1.08619971969802	1.65841909296481	0.979752266112221	0.982886787715397	0.540376401949243	0.711495595899837	NA	"abundance"	71	40
UH_vs_SA	"s__Parechovirus A"	"comparison_group"	"SA"	"comparison_groupSA"	1.04413086831064	1.08619971969802	1.2529990013054	0.973245892916145	0.982886787715397	0.535617788599921	0.711495595899837	NA	"abundance"	71	37
UH_vs_SA	"s__Gammapapillomavirus 6"	"comparison_group"	"SA"	"comparison_groupSA"	-0.0465155701801845	0	0.739765031689225	0.949862981376185	0.982886787715397	0.855486303278336	0.901112239453181	NA	"prevalence"	71	9
UH_vs_SA	"s__Human fecal virus Jorvi2"	"comparison_group"	"SA"	"comparison_groupSA"	0.0383956264791334	0	1.16397828226809	0.973685314260229	0.982886787715397	0.969915457922112	0.981614103515287	NA	"prevalence"	71	68
UH_vs_SA	"s__Human respiratory circular DNA virus"	"comparison_group"	"SA"	"comparison_groupSA"	-0.0273745856087043	0	0.527314564920318	0.95859785768389	0.982886787715397	0.868915331231828	0.903214620622558	NA	"prevalence"	71	46
UH_vs_SA	"s__Molluscum contagiosum virus"	"comparison_group"	"SA"	"comparison_groupSA"	-0.0526018506025813	0	0.609588561361758	0.93123529610776	0.982886787715397	0.237317939637939	0.398896111306323	NA	"prevalence"	71	15
UH_vs_SA	"s__Respirovirus pneumoniae"	"comparison_group"	"SA"	"comparison_groupSA"	0.0273745856087051	0	0.527314564920318	0.958597857683888	0.982886787715397	0.174875158559718	0.336954573810188	NA	"prevalence"	71	25
UH_vs_SA	"s__Salivirus FHB"	"comparison_group"	"SA"	"comparison_groupSA"	0.0108913827929914	0	0.507759717969115	0.982886787715397	0.982886787715397	0.664466425090482	0.819113871724017	NA	"prevalence"	71	31
UH_vs_SA	"s__Betapolyomavirus secuhominis"	"comparison_group"	"SA"	"comparison_groupSA"	NA	0	NA	NA	NA	0.00313525253480151	0.0226089250472246	"All logistic values are the same"	"prevalence"	71	71
