sample_ID	location_group	month
2024_04_KUO_SA1_24V0634	SA	2024-04
2024_04_KUO_SA2_24V0633	SA	2024-04
2024_04_KUO_UH_24V0632	UH	2024-04
2024_04_KUO_WWTP_24V0631	WWTP	2024-04
2024_04_TRE_SA1_24V0880	SA	2024-04
2024_04_TRE_SA2_24V0884	SA	2024-04
2024_04_TRE_UH_24V0441	UH	2024-04
2024_04_TRE_WWTP_24V0447	WWTP	2024-04
2024_05_KUO_SA1_24V0856	SA	2024-05
2024_05_KUO_SA2_24V0855	SA	2024-05
2024_05_KUO_UH_24V0854	UH	2024-05
2024_05_KUO_WWTP_24V0853	WWTP	2024-05
2024_05_TRE_SA1_24V0899	SA	2024-05
2024_05_TRE_SA2_24V1627	SA	2024-05
2024_05_TRE_UH_24V0889	UH	2024-05
2024_05_TRE_WWTP_24V0894	WWTP	2024-05
2024_06_KUO_SA1_24V1052	SA	2024-06
2024_06_KUO_SA2_24V1051	SA	2024-06
2024_06_KUO_UH_24V1050	UH	2024-06
2024_06_KUO_WWTP_24V1049	WWTP	2024-06
2024_06_TRE_SA1_24V1641	SA	2024-06
2024_06_TRE_SA2_24V1644	SA	2024-06
2024_06_TRE_UH_24V1631	UH	2024-06
2024_06_TRE_WWTP_24V1636	WWTP	2024-06
2024_07_KUO_SA1_24V1152	SA	2024-07
2024_07_KUO_SA2_24V1151	SA	2024-07
2024_07_KUO_UH_24V1150	UH	2024-07
2024_07_KUO_WWTP_24V1149	WWTP	2024-07
2024_07_TRE_SA1_24V1655	SA	2024-07
2024_07_TRE_SA2_24V1666	SA	2024-07
2024_07_TRE_UH_24V1649	UH	2024-07
2024_07_TRE_WWTP_24V1659	WWTP	2024-07
2024_08_KUO_SA1_24V1213	SA	2024-08
2024_08_KUO_SA2_24V1212	SA	2024-08
2024_08_KUO_UH_24V1211	UH	2024-08
2024_08_KUO_WWTP_24V1210	WWTP	2024-08
2024_08_TRE_SA1_24V1677	SA	2024-08
2024_08_TRE_SA2_24V1681	SA	2024-08
2024_08_TRE_UH_24V1669	UH	2024-08
2024_08_TRE_WWTP_24V1673	WWTP	2024-08
2024_09_KUO_SA1_24V1408	SA	2024-09
2024_09_KUO_SA2_24V1409	SA	2024-09
2024_09_KUO_UH_24V1407	UH	2024-09
2024_09_KUO_WWTP_24V1406	WWTP	2024-09
2024_09_TRE_SA1_24V1691	SA	2024-09
2024_09_TRE_SA2_24V1694	SA	2024-09
2024_09_TRE_WWTP_24V1688	WWTP	2024-09
2024_10_KUO_SA1_24V1578	SA	2024-10
2024_10_KUO_SA2_24V1579	SA	2024-10
2024_10_KUO_UH_24V1577	UH	2024-10
2024_10_KUO_WWTP_24V1576	WWTP	2024-10
2024_10_TRE_SA1_24V1705	SA	2024-10
2024_10_TRE_SA2_24V1708	SA	2024-10
2024_10_TRE_UH_24V1697	UH	2024-10
2024_10_TRE_WWTP_24V1701	WWTP	2024-10
2024_11_KUO_SA1_24V1822	SA	2024-11
2024_11_KUO_SA2_24V1823	SA	2024-11
2024_11_KUO_UH_24V1821	UH	2024-11
2024_11_KUO_WWTP_24V1820	WWTP	2024-11
2024_11_TRE_SA1_24V1720	SA	2024-11
2024_11_TRE_SA2_24V1723	SA	2024-11
2024_11_TRE_UH_24V1712	UH	2024-11
2024_11_TRE_WWTP_24V1716	WWTP	2024-11
2024_12_KUO_SA1_24V1913	SA	2024-12
2024_12_KUO_SA2_24V1914	SA	2024-12
2024_12_KUO_UH_24V1912	UH	2024-12
2024_12_KUO_WWTP_24V1911	WWTP	2024-12
2024_12_TRE_SA1_24V1732	SA	2024-12
2024_12_TRE_SA2_24V1929	SA	2024-12
2024_12_TRE_UH_24V1724	UH	2024-12
2024_12_TRE_WWTP_24V1728	WWTP	2024-12
2025_01_KUO_SA1_25V0073	SA	2025-01
2025_01_KUO_SA2_25V0074	SA	2025-01
2025_01_KUO_UH_25V0072	UH	2025-01
2025_01_KUO_WWTP_25V0071	WWTP	2025-01
2025_01_TRE_SA1_25V0743	SA	2025-01
2025_01_TRE_SA2_25V0746	SA	2025-01
2025_01_TRE_UH_25V0735	UH	2025-01
2025_01_TRE_WWTP_25V0739	WWTP	2025-01
2025_02_KUO_SA1_25V0170	SA	2025-02
2025_02_KUO_SA2_25V0171	SA	2025-02
2025_02_KUO_UH_25V0169	UH	2025-02
2025_02_KUO_WWTP_25V0168	WWTP	2025-02
2025_02_TRE_SA1_25V0756	SA	2025-02
2025_02_TRE_SA2_25V0760	SA	2025-02
2025_02_TRE_UH_25V0748	UH	2025-02
2025_02_TRE_WWTP_25V0752	WWTP	2025-02
2025_03_KUO_SA1_25V0256	SA	2025-03
2025_03_KUO_SA2_25V0257	SA	2025-03
2025_03_KUO_UH_25V0255	UH	2025-03
2025_03_KUO_WWTP_25V0254	WWTP	2025-03
2025_03_TRE_SA1_25V0771	SA	2025-03
2025_03_TRE_SA2_25V0775	SA	2025-03
2025_03_TRE_UH_25V0763	UH	2025-03
2025_03_TRE_WWTP_25V0767	WWTP	2025-03
